,l_xy,n_pts,time
0,1,10,463983.58154296875
1,2,10,194.5600062608719
2,3,10,175.10400712490082
3,4,10,163.83999586105347
4,5,10,149.50400590896606
5,6,10,151.5520066022873
6,7,10,152.5759994983673
7,8,10,151.5520066022873
8,9,10,136.19199395179749
9,10,10,151.5520066022873
10,11,10,149.50400590896606
11,12,10,152.5759994983673
12,13,10,141.31200313568115
13,14,10,146.43199741840363
14,15,10,155.64799308776855
15,16,10,137.2160017490387
16,17,10,126.97599828243256
17,18,10,136.19199395179749
18,19,10,146.43199741840363
19,20,10,123.90399724245071
20,21,10,146.40000462532043
21,22,10,138.2399946451187
22,23,10,136.19199395179749
23,24,10,134.14399325847626
24,25,10,145.4080045223236
25,26,10,163.83999586105347
26,27,10,130.048006772995
27,28,10,139.26400244235992
28,29,10,131.071999669075
29,30,10,154.62400019168854
30,31,10,124.92799758911133
31,32,10,134.14399325847626
32,33,10,130.048006772995
33,34,10,135.16800105571747
34,35,10,133.12000036239624
35,36,10,112.64000087976456
36,37,10,123.90399724245071
37,38,10,133.12000036239624
38,39,10,125.95200538635254
39,40,10,129.02399897575378
40,41,10,117.76000261306763
41,42,10,129.02399897575378
42,43,10,126.97599828243256
43,44,10,115.7120019197464
44,45,10,123.90399724245071
45,46,10,116.73600226640701
46,47,10,128.00000607967377
47,48,10,128.00000607967377
48,49,10,120.83200365304947
49,50,10,117.76000261306763
50,51,10,121.85599654912949
51,52,10,131.071999669075
52,53,10,128.00000607967377
53,54,10,123.90399724245071
54,55,10,161.79199516773224
55,56,10,128.00000607967377
56,57,10,110.59200018644333
57,58,10,124.92799758911133
58,59,10,113.66400122642517
59,60,10,115.7120019197464
60,61,10,106.49599879980087
61,62,10,118.78400295972824
62,63,10,115.7120019197464
63,64,10,133.12000036239624
64,65,10,111.61600053310394
65,66,10,107.51999914646149
66,67,10,118.78400295972824
67,68,10,132.09599256515503
68,69,10,118.78400295972824
69,70,10,130.048006772995
70,71,10,155.64799308776855
71,72,10,111.61600053310394
72,73,10,111.61600053310394
73,74,10,111.64800077676773
74,75,10,111.61600053310394
75,76,10,113.66400122642517
76,77,10,118.78400295972824
77,78,10,116.73600226640701
78,79,10,111.61600053310394
79,80,10,116.73600226640701
80,81,10,110.59200018644333
81,82,10,108.5439994931221
82,83,10,104.44799810647964
83,84,10,123.90399724245071
84,85,10,112.64000087976456
85,86,10,110.59200018644333
86,87,10,106.49599879980087
87,88,10,112.64000087976456
88,89,10,117.76000261306763
89,90,10,104.44799810647964
90,91,10,120.83200365304947
91,92,10,113.66400122642517
92,93,10,121.85599654912949
93,94,10,119.80800330638885
94,95,10,112.64000087976456
95,96,10,124.92799758911133
96,97,10,107.51999914646149
97,98,10,116.73600226640701
98,99,10,115.7120019197464
99,1,20,353.4719944000244
100,2,20,309.2480003833771
101,3,20,293.2800054550171
102,4,20,266.27200841903687
103,5,20,267.93599128723145
104,6,20,233.98399353027344
105,7,20,223.10400009155273
106,8,20,240.35200476646423
107,9,20,202.17600464820862
108,10,20,182.97599256038666
109,11,20,183.58400464057922
110,12,20,181.18399381637573
111,13,20,180.4479956626892
112,14,20,169.40799355506897
113,15,20,164.89599645137787
114,16,20,166.81599617004395
115,17,20,186.39999628067017
116,18,20,171.2000072002411
117,19,20,153.47200632095337
118,20,20,165.8879965543747
119,21,20,181.15200102329254
120,22,20,157.98400342464447
121,23,20,157.1200042963028
122,24,20,164.12800550460815
123,25,20,150.68799257278442
124,26,20,153.9520025253296
125,27,20,159.71200168132782
126,28,20,152.38399803638458
127,29,20,152.73599326610565
128,30,20,160.09600460529327
129,31,20,165.6000018119812
130,32,20,147.77599275112152
131,33,20,142.752006649971
132,34,20,143.90400052070618
133,35,20,146.14400267601013
134,36,20,145.11999487876892
135,37,20,156.41599893569946
136,38,20,148.3840048313141
137,39,20,143.8080072402954
138,40,20,157.31200575828552
139,41,20,148.22399616241455
140,42,20,149.3760049343109
141,43,20,156.54399991035461
142,44,20,155.83999454975128
143,45,20,142.91200041770935
144,46,20,147.07200229167938
145,47,20,145.50399780273438
146,48,20,145.1520025730133
147,49,20,147.96799421310425
148,50,20,143.48800480365753
149,51,20,133.69600474834442
150,52,20,138.59200477600098
151,53,20,167.58400201797485
152,54,20,133.15199315547943
153,55,20,167.1999990940094
154,56,20,151.13599598407745
155,57,20,140.79999923706055
156,58,20,147.42399752140045
157,59,20,137.5039964914322
158,60,20,156.031996011734
159,61,20,136.57599687576294
160,62,20,146.40000462532043
161,63,20,134.91199910640717
162,64,20,141.15199446678162
163,65,20,154.14400398731232
164,66,20,130.49599528312683
165,67,20,141.7279988527298
166,68,20,131.04000687599182
167,69,20,135.45599579811096
168,70,20,140.70400595664978
169,71,20,149.21599626541138
170,72,20,136.1600011587143
171,73,20,152.38399803638458
172,74,20,153.28000485897064
173,75,20,136.54400408267975
174,76,20,145.82400023937225
175,77,20,126.71999633312225
176,78,20,140.76800644397736
177,79,20,150.30400454998016
178,80,20,133.2480013370514
179,81,20,139.13600146770477
180,82,20,125.02400577068329
181,83,20,133.215993642807
182,84,20,134.97599959373474
183,85,20,143.74400675296783
184,86,20,128.1599998474121
185,87,20,133.40799510478973
186,88,20,142.91200041770935
187,89,20,133.02400708198547
188,90,20,138.33600282669067
189,91,20,125.44000148773193
190,92,20,140.4159963130951
191,93,20,135.1040005683899
192,94,20,124.09599870443344
193,95,20,145.79200744628906
194,96,20,132.57600367069244
195,97,20,148.00000190734863
196,98,20,139.8719996213913
197,99,20,127.13600695133209
198,1,30,893.0240273475647
199,2,30,747.4560141563416
200,3,30,725.0239849090576
201,4,30,550.9759783744812
202,5,30,523.0079889297485
203,6,30,477.2160053253174
204,7,30,404.4800102710724
205,8,30,404.83200550079346
206,9,30,364.4160032272339
207,10,30,318.9440071582794
208,11,30,293.5999929904938
209,12,30,268.8319981098175
210,13,30,267.39200949668884
211,14,30,264.1279995441437
212,15,30,217.75999665260315
213,16,30,226.04799270629883
214,17,30,202.7519941329956
215,18,30,203.39199900627136
216,19,30,190.528005361557
217,20,30,166.62399470806122
218,21,30,158.78400206565857
219,22,30,159.96800363063812
220,23,30,148.54399859905243
221,24,30,162.52799332141876
222,25,30,141.31200313568115
223,26,30,148.15999567508698
224,27,30,135.6160044670105
225,28,30,137.02400028705597
226,29,30,133.18400084972382
227,30,30,154.4959992170334
228,31,30,138.72000575065613
229,32,30,123.99999797344208
230,33,30,128.4479945898056
231,34,30,133.31200182437897
232,35,30,126.36800110340118
233,36,30,125.40799379348755
234,37,30,118.04799735546112
235,38,30,127.23200023174286
236,39,30,119.80800330638885
237,40,30,118.43200027942657
238,41,30,122.23999947309494
239,42,30,125.791996717453
240,43,30,119.4240003824234
241,44,30,128.38399410247803
242,45,30,126.36800110340118
243,46,30,117.11999773979187
244,47,30,115.99999666213989
245,48,30,130.52800297737122
246,49,30,112.83200234174728
247,50,30,108.70400071144104
248,51,30,116.15999788045883
249,52,30,106.11200332641602
250,53,30,115.42399972677231
251,54,30,112.76800185441971
252,55,30,112.06399649381638
253,56,30,108.8000014424324
254,57,30,108.19199681282043
255,58,30,114.43199962377548
256,59,30,112.8000020980835
257,60,30,102.24000364542007
258,61,30,113.72800171375275
259,62,30,110.59200018644333
260,63,30,105.69600015878677
261,64,30,110.23999750614166
262,65,30,95.93600034713745
263,66,30,107.42399841547012
264,67,30,113.95200341939926
265,68,30,108.0000028014183
266,69,30,104.00000214576721
267,70,30,99.67999905347824
268,71,30,109.47199910879135
269,72,30,101.85600072145462
270,73,30,107.77600109577179
271,74,30,106.88000172376633
272,75,30,110.75200140476227
273,76,30,116.73600226640701
274,77,30,102.78400033712387
275,78,30,107.19999670982361
276,79,30,102.91200131177902
277,80,30,108.25599730014801
278,81,30,96.8639999628067
279,82,30,113.53600025177002
280,83,30,103.26399654150009
281,84,30,106.88000172376633
282,85,30,103.16800326108932
283,86,30,112.67200112342834
284,87,30,119.32799965143204
285,88,30,106.78400099277496
286,89,30,102.52799838781357
287,90,30,112.92800307273865
288,91,30,109.98400300741196
289,92,30,102.55999863147736
290,93,30,112.15999722480774
291,94,30,110.68800091743469
292,95,30,117.21599847078323
293,96,30,94.17600184679031
294,97,30,111.42399907112122
295,98,30,94.04800087213516
296,99,30,114.9120032787323
297,1,40,2523.776054382324
298,2,40,2056.960105895996
299,3,40,1765.504002571106
300,4,40,1606.0800552368164
301,5,40,1325.279951095581
302,6,40,1095.52001953125
303,7,40,1007.5520277023315
304,8,40,922.2720265388489
305,9,40,845.5359935760498
306,10,40,829.1839957237244
307,11,40,702.2719979286194
308,12,40,620.2560067176819
309,13,40,539.4240021705627
310,14,40,466.94400906562805
311,15,40,420.991986989975
312,16,40,390.1120126247406
313,17,40,341.5040075778961
314,18,40,316.96000695228577
315,19,40,299.51998591423035
316,20,40,288.672000169754
317,21,40,273.1519937515259
318,22,40,284.7679853439331
319,23,40,251.2960135936737
320,24,40,249.37599897384644
321,25,40,228.35199534893036
322,26,40,225.69599747657776
323,27,40,227.61599719524384
324,28,40,206.62400126457214
325,29,40,210.24000644683838
326,30,40,195.51999866962433
327,31,40,181.72800540924072
328,32,40,189.79200720787048
329,33,40,175.23199319839478
330,34,40,173.47200214862823
331,35,40,170.84799706935883
332,36,40,155.07200360298157
333,37,40,143.0719941854477
334,38,40,148.99200201034546
335,39,40,145.4080045223236
336,40,40,139.20000195503235
337,41,40,142.14399456977844
338,42,40,129.66400384902954
339,43,40,131.8719983100891
340,44,40,141.88799262046814
341,45,40,135.48800349235535
342,46,40,128.22400033473969
343,47,40,129.50399518013
344,48,40,123.23199957609177
345,49,40,126.14400684833527
346,50,40,108.83200168609619
347,51,40,118.56000125408173
348,52,40,132.192000746727
349,53,40,113.50400000810623
350,54,40,108.44799876213074
351,55,40,124.57600235939026
352,56,40,118.8800036907196
353,57,40,118.6240017414093
354,58,40,112.28799819946289
355,59,40,107.39199817180634
356,60,40,111.10399663448334
357,61,40,111.90400272607803
358,62,40,104.86400127410889
359,63,40,103.16800326108932
360,64,40,106.59199953079224
361,65,40,111.93600296974182
362,66,40,104.44799810647964
363,67,40,114.68800157308578
364,68,40,106.46399855613708
365,69,40,117.11999773979187
366,70,40,104.63999956846237
367,71,40,103.96800190210342
368,72,40,115.58400094509125
369,73,40,115.07199704647064
370,74,40,104.99200224876404
371,75,40,104.09600287675858
372,76,40,98.59199821949005
373,77,40,106.27199709415436
374,78,40,104.35199737548828
375,79,40,111.1999973654747
376,80,40,120.12799829244614
377,81,40,105.76000064611435
378,82,40,121.47200107574463
379,83,40,108.35199803113937
380,84,40,112.73600161075592
381,85,40,94.27200257778168
382,86,40,103.64799946546555
383,87,40,94.81599926948547
384,88,40,103.55199873447418
385,89,40,104.19200360774994
386,90,40,94.59199756383896
387,91,40,100.92800110578537
388,92,40,108.73600095510483
389,93,40,108.12799632549286
390,94,40,95.39200365543365
391,95,40,104.47999835014343
392,96,40,104.89600151777267
393,97,40,98.7199991941452
394,98,40,102.84800082445145
395,99,40,100.47999769449234
396,1,50,5138.144016265869
397,2,50,4544.320106506348
398,3,50,3932.2879314422607
399,4,50,3267.103910446167
400,5,50,2629.7919750213623
401,6,50,2361.056089401245
402,7,50,2233.952045440674
403,8,50,2004.1279792785645
404,9,50,1949.3759870529175
405,10,50,1706.719994544983
406,11,50,1359.5199584960938
407,12,50,1255.3600072860718
408,13,50,1097.6320505142212
409,14,50,900.0319838523865
410,15,50,899.0399837493896
411,16,50,770.6239819526672
412,17,50,691.4880275726318
413,18,50,652.0320177078247
414,19,50,614.1120195388794
415,20,50,570.9760189056396
416,21,50,590.7520055770874
417,22,50,475.0399887561798
418,23,50,450.8799910545349
419,24,50,414.5599901676178
420,25,50,407.3280096054077
421,26,50,380.67200779914856
422,27,50,394.52800154685974
423,28,50,351.52000188827515
424,29,50,335.4879915714264
425,30,50,322.59199023246765
426,31,50,317.9199993610382
427,32,50,309.05601382255554
428,33,50,280.0320088863373
429,34,50,285.66399216651917
430,35,50,286.4319980144501
431,36,50,252.31999158859253
432,37,50,249.1839975118637
433,38,50,244.3840056657791
434,39,50,216.41600131988525
435,40,50,221.8559980392456
436,41,50,224.99200701713562
437,42,50,205.1199972629547
438,43,50,216.09599888324738
439,44,50,195.71200013160706
440,45,50,188.9919936656952
441,46,50,195.3279972076416
442,47,50,190.65600633621216
443,48,50,188.86399269104004
444,49,50,207.71199464797974
445,50,50,201.85600221157074
446,51,50,189.15200233459473
447,52,50,175.84000527858734
448,53,50,168.2880073785782
449,54,50,174.49599504470825
450,55,50,171.23199999332428
451,56,50,182.23999440670013
452,57,50,163.5199934244156
453,58,50,171.2000072002411
454,59,50,169.3120002746582
455,60,50,192.19200313091278
456,61,50,169.76000368595123
457,62,50,168.67199540138245
458,63,50,178.52799594402313
459,64,50,164.92800414562225
460,65,50,151.5520066022873
461,66,50,169.5680022239685
462,67,50,171.6800034046173
463,68,50,159.8079949617386
464,69,50,164.000004529953
465,70,50,159.64800119400024
466,71,50,154.88000214099884
467,72,50,160.38399934768677
468,73,50,156.80000185966492
469,74,50,156.00000321865082
470,75,50,143.39199662208557
471,76,50,152.54400670528412
472,77,50,156.031996011734
473,78,50,145.05599439144135
474,79,50,169.72799599170685
475,80,50,147.2640037536621
476,81,50,165.75999557971954
477,82,50,146.27200365066528
478,83,50,156.09599649906158
479,84,50,139.3280029296875
480,85,50,161.69600188732147
481,86,50,142.91200041770935
482,87,50,173.6000031232834
483,88,50,157.9200029373169
484,89,50,164.35199975967407
485,90,50,148.3200043439865
486,91,50,146.2080031633377
487,92,50,140.44800400733948
488,93,50,146.81600034236908
489,94,50,146.43199741840363
490,95,50,145.7280069589615
491,96,50,143.16800236701965
492,97,50,146.94400131702423
493,98,50,135.13599336147308
494,99,50,154.4319987297058
495,1,60,10362.688064575195
496,2,60,8616.415977478027
497,3,60,7672.544002532959
498,4,60,5895.232200622559
499,5,60,5444.960117340088
500,6,60,4670.432090759277
501,7,60,4209.568023681641
502,8,60,3749.8879432678223
503,9,60,3437.824010848999
504,10,60,3036.03196144104
505,11,60,2597.8240966796875
506,12,60,2225.663900375366
507,13,60,1989.7279739379883
508,14,60,1795.807957649231
509,15,60,1568.3519840240479
510,16,60,1450.976014137268
511,17,60,1289.1839742660522
512,18,60,1144.703984260559
513,19,60,1095.8080291748047
514,20,60,980.1279902458191
515,21,60,914.3040180206299
516,22,60,876.7359852790833
517,23,60,835.5519771575928
518,24,60,795.6479787826538
519,25,60,746.2720274925232
520,26,60,698.5599994659424
521,27,60,655.2000045776367
522,28,60,659.4560146331787
523,29,60,585.2479934692383
524,30,60,621.0880279541016
525,31,60,528.0640125274658
526,32,60,496.86399102211
527,33,60,490.55999517440796
528,34,60,471.2960124015808
529,35,60,453.247994184494
530,36,60,424.22398924827576
531,37,60,434.84801054000854
532,38,60,420.48001289367676
533,39,60,408.54400396347046
534,40,60,388.96000385284424
535,41,60,359.0399920940399
536,42,60,341.5359854698181
537,43,60,341.6000008583069
538,44,60,356.3840091228485
539,45,60,334.4320058822632
540,46,60,329.27998900413513
541,47,60,349.727988243103
542,48,60,338.27200531959534
543,49,60,311.67998909950256
544,50,60,305.05600571632385
545,51,60,296.9920039176941
546,52,60,273.1199860572815
547,53,60,280.2239954471588
548,54,60,292.32001304626465
549,55,60,266.84799790382385
550,56,60,280.2880108356476
551,57,60,265.0879919528961
552,58,60,271.0080146789551
553,59,60,261.53600215911865
554,60,60,243.29599738121033
555,61,60,244.6720004081726
556,62,60,256.3520073890686
557,63,60,253.28001379966736
558,64,60,231.74400627613068
559,65,60,266.11199975013733
560,66,60,236.95999383926392
561,67,60,255.0719976425171
562,68,60,247.48800694942474
563,69,60,230.6559979915619
564,70,60,235.32800376415253
565,71,60,234.65600609779358
566,72,60,244.73600089550018
567,73,60,224.99200701713562
568,74,60,227.10399329662323
569,75,60,212.0639979839325
570,76,60,216.73600375652313
571,77,60,223.93600642681122
572,78,60,227.4560034275055
573,79,60,211.71200275421143
574,80,60,221.88800573349
575,81,60,223.1680005788803
576,82,60,238.17600309848785
577,83,60,208.3519995212555
578,84,60,212.54399418830872
579,85,60,209.1519981622696
580,86,60,194.0159946680069
581,87,60,203.5519927740097
582,88,60,210.36800742149353
583,89,60,200.19200444221497
584,90,60,210.04800498485565
585,91,60,199.2959976196289
586,92,60,216.2880003452301
587,93,60,192.03199446201324
588,94,60,192.22399592399597
589,95,60,185.08799374103546
590,96,60,183.32800269126892
591,97,60,206.2080055475235
592,98,60,191.3599967956543
593,99,60,191.96799397468567
594,1,70,19798.336029052734
595,2,70,14774.911880493164
596,3,70,13801.152229309082
597,4,70,10643.360137939453
598,5,70,9295.583724975586
599,6,70,8221.504211425781
600,7,70,7229.695796966553
601,8,70,7145.376205444336
602,9,70,6029.632091522217
603,10,70,5648.096084594727
604,11,70,4775.455951690674
605,12,70,4023.263931274414
606,13,70,3538.3360385894775
607,14,70,3024.319887161255
608,15,70,2730.304002761841
609,16,70,2437.664031982422
610,17,70,2161.760091781616
611,18,70,1969.6320295333862
612,19,70,1800.2560138702393
613,20,70,1712.1599912643433
614,21,70,1537.2799634933472
615,22,70,1424.2240190505981
616,23,70,1346.4640378952026
617,24,70,1246.2400197982788
618,25,70,1151.263952255249
619,26,70,1075.9040117263794
620,27,70,1030.1120281219482
621,28,70,969.1519737243652
622,29,70,925.3759980201721
623,30,70,907.3920249938965
624,31,70,879.7760009765625
625,32,70,818.6240196228027
626,33,70,821.5680122375488
627,34,70,813.5039806365967
628,35,70,758.1760287284851
629,36,70,778.9120078086853
630,37,70,780.2879810333252
631,38,70,658.8799953460693
632,39,70,648.7680077552795
633,40,70,611.9359731674194
634,41,70,621.7600107192993
635,42,70,579.8079967498779
636,43,70,553.2479882240295
637,44,70,563.647985458374
638,45,70,522.6240158081055
639,46,70,505.0560235977173
640,47,70,535.4560017585754
641,48,70,515.6159996986389
642,49,70,491.58400297164917
643,50,70,505.0879716873169
644,51,70,476.48000717163086
645,52,70,441.9200122356415
646,53,70,426.2720048427582
647,54,70,454.5600116252899
648,55,70,419.99998688697815
649,56,70,420.73601484298706
650,57,70,416.28798842430115
651,58,70,412.06398606300354
652,59,70,385.8560025691986
653,60,70,395.52000164985657
654,61,70,382.27200508117676
655,62,70,387.90398836135864
656,63,70,390.6239867210388
657,64,70,377.75999307632446
658,65,70,377.8879940509796
659,66,70,383.2319974899292
660,67,70,361.4720106124878
661,68,70,369.2159950733185
662,69,70,354.71999645233154
663,70,70,382.9759955406189
664,71,70,349.2799997329712
665,72,70,382.4959993362427
666,73,70,332.28799700737
667,74,70,335.07201075553894
668,75,70,339.07198905944824
669,76,70,340.86400270462036
670,77,70,332.863986492157
671,78,70,326.01600885391235
672,79,70,323.8080143928528
673,80,70,324.19198751449585
674,81,70,316.864013671875
675,82,70,330.59200644493103
676,83,70,327.9680013656616
677,84,70,311.0719919204712
678,85,70,309.2480003833771
679,86,70,297.34399914741516
680,87,70,350.71998834609985
681,88,70,332.7679932117462
682,89,70,324.19198751449585
683,90,70,312.76801228523254
684,91,70,310.4960024356842
685,92,70,322.7519989013672
686,93,70,322.9120075702667
687,94,70,298.3039915561676
688,95,70,305.4080009460449
689,96,70,315.2639865875244
690,97,70,283.6480140686035
691,98,70,294.14400458335876
692,99,70,292.5119996070862
693,1,80,30658.62464904785
694,2,80,24047.9679107666
695,3,80,22127.00843811035
696,4,80,17805.728912353516
697,5,80,15400.064468383789
698,6,80,13544.28768157959
699,7,80,12531.455993652344
700,8,80,11679.295539855957
701,9,80,11100.671768188477
702,10,80,9353.24764251709
703,11,80,7649.375915527344
704,12,80,6458.623886108398
705,13,80,5712.3517990112305
706,14,80,4966.400146484375
707,15,80,4607.8081130981445
708,16,80,3966.752052307129
709,17,80,3513.11993598938
710,18,80,3253.3440589904785
711,19,80,2924.639940261841
712,20,80,2926.3999462127686
713,21,80,2521.791934967041
714,22,80,2282.560110092163
715,23,80,2144.4480419158936
716,24,80,1955.9040069580078
717,25,80,1877.0560026168823
718,26,80,1755.4559707641602
719,27,80,1764.6080255508423
720,28,80,1570.1119899749756
721,29,80,1480.064034461975
722,30,80,1505.8239698410034
723,31,80,1462.015986442566
724,32,80,1347.2319841384888
725,33,80,1272.704005241394
726,34,80,1226.8799543380737
727,35,80,1218.9120054244995
728,36,80,1113.8880252838135
729,37,80,1206.0799598693848
730,38,80,1099.9360084533691
731,39,80,1075.711965560913
732,40,80,1003.9360523223877
733,41,80,983.3279848098755
734,42,80,931.5840005874634
735,43,80,919.5839762687683
736,44,80,850.4319787025452
737,45,80,875.6800293922424
738,46,80,869.5039749145508
739,47,80,862.5280261039734
740,48,80,811.0399842262268
741,49,80,797.3120212554932
742,50,80,769.5680260658264
743,51,80,789.8240089416504
744,52,80,759.2960000038147
745,53,80,756.7359805107117
746,54,80,695.6160068511963
747,55,80,733.0880165100098
748,56,80,717.2799706459045
749,57,80,674.9119758605957
750,58,80,683.67999792099
751,59,80,633.8239908218384
752,60,80,647.8400230407715
753,61,80,618.9759969711304
754,62,80,632.9280138015747
755,63,80,607.6160073280334
756,64,80,596.5120196342468
757,65,80,616.8000102043152
758,66,80,580.8960199356079
759,67,80,567.8079724311829
760,68,80,567.583978176117
761,69,80,553.056001663208
762,70,80,567.6479935646057
763,71,80,593.3759808540344
764,72,80,561.0560178756714
765,73,80,531.1040282249451
766,74,80,522.4959850311279
767,75,80,541.0240292549133
768,76,80,516.2240266799927
769,77,80,479.775995016098
770,78,80,483.0079972743988
771,79,80,496.0640072822571
772,80,80,502.75200605392456
773,81,80,494.52799558639526
774,82,80,484.41600799560547
775,83,80,464.6719992160797
776,84,80,469.6959853172302
777,85,80,453.44001054763794
778,86,80,461.85600757598877
779,87,80,446.04799151420593
780,88,80,469.7920083999634
781,89,80,445.69599628448486
782,90,80,431.8400025367737
783,91,80,424.22398924827576
784,92,80,425.6959855556488
785,93,80,435.7439875602722
786,94,80,435.10401248931885
787,95,80,414.36800360679626
788,96,80,424.8639941215515
789,97,80,427.4879992008209
790,98,80,407.1680009365082
791,99,80,413.02400827407837
792,1,90,47879.966735839844
793,2,90,38802.17742919922
794,3,90,34910.84671020508
795,4,90,27943.424224853516
796,5,90,24135.456085205078
797,6,90,23024.255752563477
798,7,90,18334.016799926758
799,8,90,18269.407272338867
800,9,90,17055.999755859375
801,10,90,14885.600090026855
802,11,90,13144.927978515625
803,12,90,10081.40754699707
804,13,90,8771.615982055664
805,14,90,7704.063892364502
806,15,90,7186.463832855225
807,16,90,6307.231903076172
808,17,90,5783.80823135376
809,18,90,4862.815856933594
810,19,90,4499.45592880249
811,20,90,4099.999904632568
812,21,90,3779.711961746216
813,22,90,3496.4799880981445
814,23,90,3245.3761100769043
815,24,90,3362.3039722442627
816,25,90,3024.064064025879
817,26,90,2946.8159675598145
818,27,90,2460.8640670776367
819,28,90,2311.6159439086914
820,29,90,2396.0959911346436
821,30,90,2228.5120487213135
822,31,90,2046.0479259490967
823,32,90,1971.776008605957
824,33,90,1985.759973526001
825,34,90,1929.3760061264038
826,35,90,1844.6719646453857
827,36,90,1796.4799404144287
828,37,90,1639.680027961731
829,38,90,1630.1440000534058
830,39,90,1618.2399988174438
831,40,90,1498.7519979476929
832,41,90,1438.0799531936646
833,42,90,1383.2000494003296
834,43,90,1357.0879697799683
835,44,90,1264.7360563278198
836,45,90,1252.8959512710571
837,46,90,1440.3200149536133
838,47,90,1186.784029006958
839,48,90,1202.3359537124634
840,49,90,1208.351969718933
841,50,90,1224.6079444885254
842,51,90,1155.392050743103
843,52,90,1123.039960861206
844,53,90,1120.3839778900146
845,54,90,1109.0240478515625
846,55,90,1071.3920593261719
847,56,90,1052.0000457763672
848,57,90,1061.7280006408691
849,58,90,1093.5039520263672
850,59,90,1112.7359867095947
851,60,90,1121.1199760437012
852,61,90,1052.832007408142
853,62,90,1003.6159753799438
854,63,90,1016.8960094451904
855,64,90,1010.1759433746338
856,65,90,1017.408013343811
857,66,90,1022.8480100631714
858,67,90,1038.0799770355225
859,68,90,1054.4960498809814
860,69,90,983.3920001983643
861,70,90,1026.9759893417358
862,71,90,1113.8240098953247
863,72,90,1044.1279411315918
864,73,90,983.9680194854736
865,74,90,961.3760113716125
866,75,90,996.4479804039001
867,76,90,931.1040043830872
868,77,90,885.2800130844116
869,78,90,907.1360230445862
870,79,90,936.9919896125793
871,80,90,894.976019859314
872,81,90,917.087972164154
873,82,90,875.6160140037537
874,83,90,866.815984249115
875,84,90,912.5120043754578
876,85,90,881.4719915390015
877,86,90,883.135974407196
878,87,90,863.6800050735474
879,88,90,887.1679902076721
880,89,90,881.7279934883118
881,90,90,917.7600145339966
882,91,90,862.5280261039734
883,92,90,885.2480053901672
884,93,90,871.8079924583435
885,94,90,858.2720160484314
886,95,90,872.8960156440735
887,96,90,869.3439960479736
888,97,90,856.768012046814
889,98,90,870.5599904060364
890,99,90,905.7599902153015
891,1,100,72139.19830322266
892,2,100,57513.153076171875
893,3,100,56245.24688720703
894,4,100,40491.455078125
895,5,100,35788.38348388672
896,6,100,31031.871795654297
897,7,100,29888.256072998047
898,8,100,27030.784606933594
899,9,100,23032.15980529785
900,10,100,20524.351119995117
901,11,100,19114.015579223633
902,12,100,14888.959884643555
903,13,100,12805.055618286133
904,14,100,11348.992347717285
905,15,100,10989.855766296387
906,16,100,8863.03997039795
907,17,100,7844.064235687256
908,18,100,7592.76819229126
909,19,100,6696.352005004883
910,20,100,6842.527866363525
911,21,100,6010.848045349121
912,22,100,5393.5041427612305
913,23,100,4944.9920654296875
914,24,100,4641.183853149414
915,25,100,4298.336029052734
916,26,100,4099.775791168213
917,27,100,3766.335964202881
918,28,100,3702.2719383239746
919,29,100,3406.9759845733643
920,30,100,3206.496000289917
921,31,100,3002.2079944610596
922,32,100,2893.984079360962
923,33,100,3018.6240673065186
924,34,100,2833.4720134735107
925,35,100,2759.040117263794
926,36,100,2480.7679653167725
927,37,100,2435.296058654785
928,38,100,2281.4719676971436
929,39,100,2327.359914779663
930,40,100,2242.527961730957
931,41,100,2182.976007461548
932,42,100,2087.2321128845215
933,43,100,2144.7041034698486
934,44,100,2084.6400260925293
935,45,100,2079.4239044189453
936,46,100,1972.383975982666
937,47,100,1994.9439764022827
938,48,100,2157.3760509490967
939,49,100,1912.8320217132568
940,50,100,1798.0159521102905
941,51,100,1713.4079933166504
942,52,100,1717.5999879837036
943,53,100,1672.287940979004
944,54,100,1656.8000316619873
945,55,100,1645.408034324646
946,56,100,1602.560043334961
947,57,100,1606.7520380020142
948,58,100,1547.1359491348267
949,59,100,1555.2639961242676
950,60,100,1611.0080480575562
951,61,100,1637.8240585327148
952,62,100,1484.7999811172485
953,63,100,1452.5760412216187
954,64,100,1471.8079566955566
955,65,100,1476.032018661499
956,66,100,1413.1200313568115
957,67,100,1426.9440174102783
958,68,100,1491.26398563385
959,69,100,1454.8799991607666
960,70,100,1441.472053527832
961,71,100,1499.8719692230225
962,72,100,1513.983964920044
963,73,100,1481.3439846038818
964,74,100,1443.9680576324463
965,75,100,1599.776029586792
966,76,100,1468.5120582580566
967,77,100,1481.2480211257935
968,78,100,1573.4399557113647
969,79,100,1432.0000410079956
970,80,100,1440.991997718811
971,81,100,1404.4159650802612
972,82,100,1505.120038986206
973,83,100,1453.0880451202393
974,84,100,1427.4879693984985
975,85,100,1380.3839683532715
976,86,100,1432.3840141296387
977,87,100,1456.2879800796509
978,88,100,1429.7599792480469
979,89,100,1446.4319944381714
980,90,100,1373.8240003585815
981,91,100,1373.6319541931152
982,92,100,1458.0479860305786
983,93,100,1465.0239944458008
984,94,100,1396.191954612732
985,95,100,1319.551944732666
986,96,100,1428.9599657058716
987,97,100,1426.8800020217896
988,98,100,1395.1679468154907
989,99,100,1354.7199964523315
990,1,110,103362.65563964844
991,2,110,81749.98474121094
992,3,110,81428.48205566406
993,4,110,58229.02297973633
994,5,110,55605.8235168457
995,6,110,49129.150390625
996,7,110,39119.361877441406
997,8,110,35816.864013671875
998,9,110,33420.67337036133
999,10,110,29399.520874023438
1000,11,110,27094.36798095703
1001,12,110,23251.455307006836
1002,13,110,18276.607513427734
1003,14,110,17312.095642089844
1004,15,110,15717.023849487305
1005,16,110,12943.967819213867
1006,17,110,11529.439926147461
1007,18,110,10407.296180725098
1008,19,110,10440.128326416016
1009,20,110,8704.352378845215
1010,21,110,7912.479877471924
1011,22,110,7626.527786254883
1012,23,110,7252.575874328613
1013,24,110,6803.872108459473
1014,25,110,5888.959884643555
1015,26,110,5974.400043487549
1016,27,110,5434.175968170166
1017,28,110,5603.104114532471
1018,29,110,5689.599990844727
1019,30,110,5495.903968811035
1020,31,110,4846.911907196045
1021,32,110,4447.391986846924
1022,33,110,4169.343948364258
1023,34,110,4214.047908782959
1024,35,110,4127.808094024658
1025,36,110,3995.3598976135254
1026,37,110,3900.0000953674316
1027,38,110,3950.655937194824
1028,39,110,3774.7199535369873
1029,40,110,3868.607997894287
1030,41,110,3558.720111846924
1031,42,110,3263.1359100341797
1032,43,110,3336.2560272216797
1033,44,110,3553.2479286193848
1034,45,110,3281.440019607544
1035,46,110,3349.1199016571045
1036,47,110,3282.144069671631
1037,48,110,3393.0881023406982
1038,49,110,3107.424020767212
1039,50,110,3256.351947784424
1040,51,110,3287.839889526367
1041,52,110,2994.1439628601074
1042,53,110,3252.3839473724365
1043,54,110,3156.4478874206543
1044,55,110,3098.367929458618
1045,56,110,3114.11190032959
1046,57,110,3065.984010696411
1047,58,110,2905.440092086792
1048,59,110,2819.103956222534
1049,60,110,2770.240068435669
1050,61,110,2874.943971633911
1051,62,110,2742.2080039978027
1052,63,110,2576.1280059814453
1053,64,110,2683.1679344177246
1054,65,110,2691.904067993164
1055,66,110,2695.456027984619
1056,67,110,2558.3999156951904
1057,68,110,2696.255922317505
1058,69,110,2607.2640419006348
1059,70,110,2625.6320476531982
1060,71,110,2747.999906539917
1061,72,110,2589.4079208374023
1062,73,110,2621.72794342041
1063,74,110,2636.3840103149414
1064,75,110,2585.7279300689697
1065,76,110,2662.65606880188
1066,77,110,2853.7919521331787
1067,78,110,2633.5999965667725
1068,79,110,2794.111967086792
1069,80,110,2614.8478984832764
1070,81,110,2616.6720390319824
1071,82,110,2604.7680377960205
1072,83,110,2628.607988357544
1073,84,110,2633.471965789795
1074,85,110,2624.864101409912
1075,86,110,2579.967975616455
1076,87,110,2667.8719520568848
1077,88,110,2845.088005065918
1078,89,110,2631.648063659668
1079,90,110,2690.335988998413
1080,91,110,2652.479887008667
1081,92,110,2576.416015625
1082,93,110,2667.520046234131
1083,94,110,2729.696035385132
1084,95,110,2623.4240531921387
1085,96,110,2588.7041091918945
1086,97,110,2556.351900100708
1087,98,110,2650.7198810577393
1088,99,110,2658.5919857025146
1089,1,120,142870.30029296875
1090,2,120,115252.73895263672
1091,3,120,113302.10876464844
1092,4,120,80430.36651611328
1093,5,120,69904.4189453125
1094,6,120,61619.48776245117
1095,7,120,54349.98321533203
1096,8,120,53233.56628417969
1097,9,120,45759.61685180664
1098,10,120,40847.96905517578
1099,11,120,33741.310119628906
1100,12,120,29388.383865356445
1101,13,120,25374.080657958984
1102,14,120,22391.040802001953
1103,15,120,19503.007888793945
1104,16,120,19123.743057250977
1105,17,120,17063.295364379883
1106,18,120,15823.295593261719
1107,19,120,13064.800262451172
1108,20,120,11946.208000183105
1109,21,120,11045.056343078613
1110,22,120,10226.335525512695
1111,23,120,9572.671890258789
1112,24,120,8603.903770446777
1113,25,120,8201.312065124512
1114,26,120,7814.911842346191
1115,27,120,8088.031768798828
1116,28,120,7036.255836486816
1117,29,120,6452.479839324951
1118,30,120,6313.632011413574
1119,31,120,6034.463882446289
1120,32,120,5949.984073638916
1121,33,120,5739.3598556518555
1122,34,120,5538.656234741211
1123,35,120,5594.240188598633
1124,36,120,4948.416233062744
1125,37,120,4440.447807312012
1126,38,120,4357.56778717041
1127,39,120,4375.487804412842
1128,40,120,4029.9839973449707
1129,41,120,3929.05592918396
1130,42,120,3878.4000873565674
1131,43,120,4073.7600326538086
1132,44,120,4024.831771850586
1133,45,120,3561.631917953491
1134,46,120,3419.584035873413
1135,47,120,3362.720012664795
1136,48,120,3441.119909286499
1137,49,120,3227.423906326294
1138,50,120,3178.528070449829
1139,51,120,3209.4719409942627
1140,52,120,2964.1599655151367
1141,53,120,3081.631898880005
1142,54,120,2928.2240867614746
1143,55,120,2824.76806640625
1144,56,120,2727.328062057495
1145,57,120,2742.9120540618896
1146,58,120,2678.976058959961
1147,59,120,2641.632080078125
1148,60,120,2575.5839347839355
1149,61,120,2780.895948410034
1150,62,120,2601.6321182250977
1151,63,120,2521.2159156799316
1152,64,120,2593.0559635162354
1153,65,120,2445.535898208618
1154,66,120,2489.0239238739014
1155,67,120,2379.8720836639404
1156,68,120,2329.7278881073
1157,69,120,2313.0879402160645
1158,70,120,2270.7200050354004
1159,71,120,2327.359914779663
1160,72,120,2253.6959648132324
1161,73,120,2342.047929763794
1162,74,120,2199.199914932251
1163,75,120,2297.7919578552246
1164,76,120,2236.448049545288
1165,77,120,2074.78404045105
1166,78,120,2066.7519569396973
1167,79,120,2039.9999618530273
1168,80,120,1949.4080543518066
1169,81,120,2013.5679244995117
1170,82,120,1967.0079946517944
1171,83,120,1977.120041847229
1172,84,120,1904.47998046875
1173,85,120,1848.6720323562622
1174,86,120,1916.8319702148438
1175,87,120,1946.8799829483032
1176,88,120,1923.1679439544678
1177,89,120,1975.2320051193237
1178,90,120,1890.0480270385742
1179,91,120,1859.2640161514282
1180,92,120,1846.07994556427
1181,93,120,1817.0239925384521
1182,94,120,1967.8399562835693
1183,95,120,1805.3760528564453
1184,96,120,1770.7840204238892
1185,97,120,1759.9680423736572
1186,98,120,1832.0000171661377
1187,99,120,1786.4960432052612
1188,1,130,193105.85021972656
1189,2,130,155711.65466308594
1190,3,130,139501.69372558594
1191,4,130,109063.61389160156
1192,5,130,94816.29180908203
1193,6,130,83216.99523925781
1194,7,130,72997.50518798828
1195,8,130,67440.64331054688
1196,9,130,60656.89468383789
1197,10,130,55078.14407348633
1198,11,130,46000.99182128906
1199,12,130,39503.326416015625
1200,13,130,33774.078369140625
1201,14,130,32623.584747314453
1202,15,130,29500.511169433594
1203,16,130,23751.87110900879
1204,17,130,22035.167694091797
1205,18,130,21687.20054626465
1206,19,130,17510.719299316406
1207,20,130,16295.936584472656
1208,21,130,16824.800491333008
1209,22,130,15714.207649230957
1210,23,130,12952.927589416504
1211,24,130,12546.431541442871
1212,25,130,12224.063873291016
1213,26,130,11308.863639831543
1214,27,130,11224.639892578125
1215,28,130,9813.759803771973
1216,29,130,9244.48013305664
1217,30,130,9399.168014526367
1218,31,130,9537.856101989746
1219,32,130,9151.74388885498
1220,33,130,8827.520370483398
1221,34,130,8087.424278259277
1222,35,130,7898.687839508057
1223,36,130,7254.39977645874
1224,37,130,7458.5280418396
1225,38,130,7284.895896911621
1226,39,130,7361.792087554932
1227,40,130,7007.008075714111
1228,41,130,7439.551830291748
1229,42,130,7184.959888458252
1230,43,130,6876.959800720215
1231,44,130,6376.351833343506
1232,45,130,6602.272033691406
1233,46,130,6538.464069366455
1234,47,130,6339.935779571533
1235,48,130,6369.503974914551
1236,49,130,6044.544219970703
1237,50,130,5787.424087524414
1238,51,130,5742.559909820557
1239,52,130,5710.720062255859
1240,53,130,5543.712139129639
1241,54,130,5727.231979370117
1242,55,130,5558.207988739014
1243,56,130,5373.055934906006
1244,57,130,5155.712127685547
1245,58,130,5368.544101715088
1246,59,130,5329.343795776367
1247,60,130,5511.45601272583
1248,61,130,5337.3122215271
1249,62,130,5088.640213012695
1250,63,130,5153.37610244751
1251,64,130,5169.248104095459
1252,65,130,5338.560104370117
1253,66,130,5250.783920288086
1254,67,130,5280.320167541504
1255,68,130,5125.4401206970215
1256,69,130,5144.063949584961
1257,70,130,5415.4558181762695
1258,71,130,5341.440200805664
1259,72,130,5274.975776672363
1260,73,130,5141.759872436523
1261,74,130,5141.8561935424805
1262,75,130,5130.911827087402
1263,76,130,5122.560024261475
1264,77,130,5053.311824798584
1265,78,130,5233.952045440674
1266,79,130,4961.24792098999
1267,80,130,5100.128173828125
1268,81,130,5111.423969268799
1269,82,130,5246.079921722412
1270,83,130,5241.824150085449
1271,84,130,5060.704231262207
1272,85,130,5106.656074523926
1273,86,130,5025.728225708008
1274,87,130,4994.880199432373
1275,88,130,5106.815814971924
1276,89,130,5059.328079223633
1277,90,130,5058.3038330078125
1278,91,130,5157.279968261719
1279,92,130,4919.807910919189
1280,93,130,5019.743919372559
1281,94,130,4906.752109527588
1282,95,130,4914.144039154053
1283,96,130,4974.624156951904
1284,97,130,4959.199905395508
1285,98,130,5192.192077636719
1286,99,130,5014.880180358887
1287,1,140,286307.861328125
1288,2,140,207457.21435546875
1289,3,140,202712.67700195312
1290,4,140,144266.29638671875
1291,5,140,124386.2075805664
1292,6,140,110284.60693359375
1293,7,140,96328.99475097656
1294,8,140,98287.65106201172
1295,9,140,81352.4169921875
1296,10,140,71076.95770263672
1297,11,140,66929.28314208984
1298,12,140,56816.89453125
1299,13,140,49561.18392944336
1300,14,140,43495.80764770508
1301,15,140,35741.05453491211
1302,16,140,34766.3688659668
1303,17,140,30784.448623657227
1304,18,140,25606.464385986328
1305,19,140,26118.688583374023
1306,20,140,20990.78369140625
1307,21,140,21878.175735473633
1308,22,140,18459.327697753906
1309,23,140,18980.031967163086
1310,24,140,18067.903518676758
1311,25,140,16406.848907470703
1312,26,140,14612.383842468262
1313,27,140,13563.679695129395
1314,28,140,13829.440116882324
1315,29,140,12757.408142089844
1316,30,140,11570.49560546875
1317,31,140,11304.672241210938
1318,32,140,10785.152435302734
1319,33,140,10161.055564880371
1320,34,140,10880.672454833984
1321,35,140,10276.384353637695
1322,36,140,10396.032333374023
1323,37,140,9832.799911499023
1324,38,140,9335.583686828613
1325,39,140,9756.768226623535
1326,40,140,8762.080192565918
1327,41,140,9189.472198486328
1328,42,140,8540.863990783691
1329,43,140,8574.14436340332
1330,44,140,8396.927833557129
1331,45,140,8783.007621765137
1332,46,140,7995.423793792725
1333,47,140,8052.4797439575195
1334,48,140,8301.055908203125
1335,49,140,7656.447887420654
1336,50,140,7595.327854156494
1337,51,140,7231.423854827881
1338,52,140,7149.055957794189
1339,53,140,7201.407909393311
1340,54,140,7154.143810272217
1341,55,140,6844.831943511963
1342,56,140,6954.720020294189
1343,57,140,7292.448043823242
1344,58,140,6991.424083709717
1345,59,140,7153.600215911865
1346,60,140,6729.599952697754
1347,61,140,6878.304004669189
1348,62,140,6966.368198394775
1349,63,140,6904.7040939331055
1350,64,140,6556.384086608887
1351,65,140,6800.960063934326
1352,66,140,6399.424076080322
1353,67,140,6801.248073577881
1354,68,140,6424.767971038818
1355,69,140,6342.27180480957
1356,70,140,6413.248062133789
1357,71,140,6342.879772186279
1358,72,140,6256.51216506958
1359,73,140,6308.127880096436
1360,74,140,6148.863792419434
1361,75,140,6130.368232727051
1362,76,140,6097.1198081970215
1363,77,140,6097.8240966796875
1364,78,140,6283.80823135376
1365,79,140,6048.160076141357
1366,80,140,6173.727989196777
1367,81,140,6023.583889007568
1368,82,140,5894.2718505859375
1369,83,140,6077.119827270508
1370,84,140,5727.615833282471
1371,85,140,6101.376056671143
1372,86,140,5929.952144622803
1373,87,140,6006.783962249756
1374,88,140,6011.295795440674
1375,89,140,5868.544101715088
1376,90,140,5908.671855926514
1377,91,140,5880.703926086426
1378,92,140,5921.9841957092285
1379,93,140,5739.552021026611
1380,94,140,5849.055767059326
1381,95,140,5718.656063079834
1382,96,140,5935.711860656738
1383,97,140,5686.624050140381
1384,98,140,5787.712097167969
1385,99,140,5837.3122215271
1386,1,150,339247.4060058594
1387,2,150,269993.0419921875
1388,3,150,238473.28186035156
1389,4,150,189510.97106933594
1390,5,150,163046.23413085938
1391,6,150,158064.05639648438
1392,7,150,126469.98596191406
1393,8,150,115321.60186767578
1394,9,150,105411.10229492188
1395,10,150,94300.44555664062
1396,11,150,88122.97821044922
1397,12,150,75013.63372802734
1398,13,150,58852.256774902344
1399,14,150,57077.98385620117
1400,15,150,45503.20053100586
1401,16,150,41167.29736328125
1402,17,150,36811.19918823242
1403,18,150,33994.590759277344
1404,19,150,30369.056701660156
1405,20,150,31601.66358947754
1406,21,150,26672.7352142334
1407,22,150,27282.33528137207
1408,23,150,24648.479461669922
1409,24,150,23667.999267578125
1410,25,150,22516.799926757812
1411,26,150,21373.727798461914
1412,27,150,20906.62384033203
1413,28,150,20054.5597076416
1414,29,150,18138.399124145508
1415,30,150,18515.93589782715
1416,31,150,16973.119735717773
1417,32,150,16587.80860900879
1418,33,150,15922.40047454834
1419,34,150,15247.648239135742
1420,35,150,14145.024299621582
1421,36,150,14046.303749084473
1422,37,150,13179.391860961914
1423,38,150,13559.743881225586
1424,39,150,13076.607704162598
1425,40,150,13144.19174194336
1426,41,150,13086.848258972168
1427,42,150,12808.511734008789
1428,43,150,12954.943656921387
1429,44,150,12742.4955368042
1430,45,150,12236.479759216309
1431,46,150,11566.431999206543
1432,47,150,12041.664123535156
1433,48,150,11549.056053161621
1434,49,150,11647.199630737305
1435,50,150,11388.704299926758
1436,51,150,11592.608451843262
1437,52,150,11096.09603881836
1438,53,150,11135.744094848633
1439,54,150,11206.239700317383
1440,55,150,10760.576248168945
1441,56,150,10969.183921813965
1442,57,150,10670.495986938477
1443,58,150,10389.408111572266
1444,59,150,10231.295585632324
1445,60,150,10432.512283325195
1446,61,150,10331.583976745605
1447,62,150,10484.640121459961
1448,63,150,10003.423690795898
1449,64,150,10325.023651123047
1450,65,150,10050.080299377441
1451,66,150,9748.512268066406
1452,67,150,9936.511993408203
1453,68,150,9934.911727905273
1454,69,150,9694.432258605957
1455,70,150,10049.023628234863
1456,71,150,9607.9683303833
1457,72,150,9901.76010131836
1458,73,150,9616.127967834473
1459,74,150,9723.423957824707
1460,75,150,9725.37612915039
1461,76,150,9739.328384399414
1462,77,150,9863.903999328613
1463,78,150,9856.32038116455
1464,79,150,9465.312004089355
1465,80,150,9599.040031433105
1466,81,150,9547.51968383789
1467,82,150,9423.392295837402
1468,83,150,9676.159858703613
1469,84,150,9775.936126708984
1470,85,150,9553.024291992188
1471,86,150,9669.21615600586
1472,87,150,9447.07202911377
1473,88,150,9476.223945617676
1474,89,150,9325.023651123047
1475,90,150,9500.351905822754
1476,91,150,9345.952033996582
1477,92,150,9849.663734436035
1478,93,150,9499.9361038208
1479,94,150,9628.031730651855
1480,95,150,9465.855598449707
1481,96,150,9479.20036315918
1482,97,150,9386.143684387207
1483,98,150,9247.008323669434
1484,99,150,9594.176292419434
1485,1,160,480344.7570800781
1486,2,160,346972.9309082031
1487,3,160,305160.7971191406
1488,4,160,240199.73754882812
1489,5,160,208711.7462158203
1490,6,160,181068.86291503906
1491,7,160,160280.9295654297
1492,8,160,147812.28637695312
1493,9,160,134461.73095703125
1494,10,160,119422.4624633789
1495,11,160,101019.32525634766
1496,12,160,86515.38848876953
1497,13,160,73770.27130126953
1498,14,160,64797.569274902344
1499,15,160,58433.08639526367
1500,16,160,51930.816650390625
1501,17,160,46630.367279052734
1502,18,160,42375.999450683594
1503,19,160,38450.33645629883
1504,20,160,35086.5592956543
1505,21,160,35773.47183227539
1506,22,160,32527.774810791016
1507,23,160,31032.19223022461
1508,24,160,25966.272354125977
1509,25,160,26954.143524169922
1510,26,160,23911.584854125977
1511,27,160,21560.447692871094
1512,28,160,22535.327911376953
1513,29,160,19269.535064697266
1514,30,160,18786.43226623535
1515,31,160,19185.632705688477
1516,32,160,18629.119873046875
1517,33,160,16352.863311767578
1518,34,160,16753.536224365234
1519,35,160,15816.57600402832
1520,36,160,14199.551582336426
1521,37,160,14911.392211914062
1522,38,160,13540.800094604492
1523,39,160,12370.207786560059
1524,40,160,13113.439559936523
1525,41,160,11940.735816955566
1526,42,160,11704.447746276855
1527,43,160,10694.080352783203
1528,44,160,10342.432022094727
1529,45,160,10755.999565124512
1530,46,160,10477.279663085938
1531,47,160,11336.544036865234
1532,48,160,10039.74437713623
1533,49,160,9933.600425720215
1534,50,160,9995.16773223877
1535,51,160,9651.391983032227
1536,52,160,9311.776161193848
1537,53,160,9792.160034179688
1538,54,160,8630.43212890625
1539,55,160,8510.080337524414
1540,56,160,8523.296356201172
1541,57,160,8562.111854553223
1542,58,160,8652.640342712402
1543,59,160,8231.328010559082
1544,60,160,8652.992248535156
1545,61,160,8013.248443603516
1546,62,160,8663.80786895752
1547,63,160,7667.520046234131
1548,64,160,7681.087970733643
1549,65,160,7587.35990524292
1550,66,160,8016.639709472656
1551,67,160,7907.360076904297
1552,68,160,7235.551834106445
1553,69,160,7505.087852478027
1554,70,160,7335.040092468262
1555,71,160,7455.5840492248535
1556,72,160,7332.064151763916
1557,73,160,6892.352104187012
1558,74,160,7176.608085632324
1559,75,160,6565.728187561035
1560,76,160,7006.303787231445
1561,77,160,6545.0239181518555
1562,78,160,6503.871917724609
1563,79,160,6889.823913574219
1564,80,160,6569.375991821289
1565,81,160,6778.111934661865
1566,82,160,6663.360118865967
1567,83,160,6666.9440269470215
1568,84,160,6771.872043609619
1569,85,160,6511.807918548584
1570,86,160,6613.920211791992
1571,87,160,6431.039810180664
1572,88,160,6159.167766571045
1573,89,160,6427.231788635254
1574,90,160,6333.600044250488
1575,91,160,6169.216156005859
1576,92,160,6140.927791595459
1577,93,160,5824.480056762695
1578,94,160,5925.536155700684
1579,95,160,6042.111873626709
1580,96,160,6111.968040466309
1581,97,160,5747.9681968688965
1582,98,160,5757.535934448242
1583,99,160,6167.967796325684
1584,1,170,602721.2524414062
1585,2,170,480102.96630859375
1586,3,170,427065.5212402344
1587,4,170,302508.4228515625
1588,5,170,261770.84350585938
1589,6,170,252200.77514648438
1590,7,170,223110.13793945312
1591,8,170,184958.52661132812
1592,9,170,167740.3564453125
1593,10,170,149925.6591796875
1594,11,170,126731.58264160156
1595,12,170,109434.14306640625
1596,13,170,94061.72943115234
1597,14,170,82901.08489990234
1598,15,170,72886.71875
1599,16,170,70760.09368896484
1600,17,170,59553.44009399414
1601,18,170,55385.76126098633
1602,19,170,51404.03366088867
1603,20,170,51746.62399291992
1604,21,170,43627.13623046875
1605,22,170,39452.70538330078
1606,23,170,42109.27963256836
1607,24,170,35657.08923339844
1608,25,170,37459.808349609375
1609,26,170,35930.721282958984
1610,27,170,33107.90252685547
1611,28,170,33089.69497680664
1612,29,170,29102.048873901367
1613,30,170,30606.55975341797
1614,31,170,28723.615646362305
1615,32,170,27596.704483032227
1616,33,170,27275.19989013672
1617,34,170,26127.9354095459
1618,35,170,25972.22328186035
1619,36,170,25657.024383544922
1620,37,170,24149.471282958984
1621,38,170,24396.575927734375
1622,39,170,23095.61538696289
1623,40,170,21496.671676635742
1624,41,170,21078.176498413086
1625,42,170,21205.888748168945
1626,43,170,22058.399200439453
1627,44,170,21372.28775024414
1628,45,170,19721.72737121582
1629,46,170,20717.119216918945
1630,47,170,19757.375717163086
1631,48,170,18735.29624938965
1632,49,170,18717.248916625977
1633,50,170,18958.6238861084
1634,51,170,18643.936157226562
1635,52,170,18830.080032348633
1636,53,170,18876.768112182617
1637,54,170,18734.68780517578
1638,55,170,18836.288452148438
1639,56,170,18097.087860107422
1640,57,170,17970.56007385254
1641,58,170,17613.311767578125
1642,59,170,17463.93585205078
1643,60,170,17048.831939697266
1644,61,170,17295.711517333984
1645,62,170,17253.952026367188
1646,63,170,17363.55209350586
1647,64,170,16862.88070678711
1648,65,170,16801.69677734375
1649,66,170,16649.343490600586
1650,67,170,16823.29559326172
1651,68,170,16719.167709350586
1652,69,170,16897.98355102539
1653,70,170,16601.98402404785
1654,71,170,16689.34440612793
1655,72,170,16632.160186767578
1656,73,170,16230.592727661133
1657,74,170,16761.920928955078
1658,75,170,16966.23992919922
1659,76,170,16333.856582641602
1660,77,170,16027.103424072266
1661,78,170,15761.983871459961
1662,79,170,16584.543228149414
1663,80,170,15794.943809509277
1664,81,170,16373.53515625
1665,82,170,16428.12728881836
1666,83,170,16196.672439575195
1667,84,170,15557.984352111816
1668,85,170,16037.759780883789
1669,86,170,15716.511726379395
1670,87,170,16019.552230834961
1671,88,170,15997.471809387207
1672,89,170,15916.41616821289
1673,90,170,16032.800674438477
1674,91,170,15888.704299926758
1675,92,170,15977.760314941406
1676,93,170,15849.88784790039
1677,94,170,16181.503295898438
1678,95,170,16201.28059387207
1679,96,170,15806.17618560791
1680,97,170,15763.711929321289
1681,98,170,16351.776123046875
1682,99,170,16442.655563354492
1683,1,180,752186.1572265625
1684,2,180,600309.08203125
1685,3,180,529928.7719726562
1686,4,180,374915.7409667969
1687,5,180,326014.09912109375
1688,6,180,283149.0173339844
1689,7,180,250318.49670410156
1690,8,180,254322.021484375
1691,9,180,209217.02575683594
1692,10,180,188477.56958007812
1693,11,180,155196.35009765625
1694,12,180,134244.8272705078
1695,13,180,116836.31896972656
1696,14,180,113364.2578125
1697,15,180,100777.02331542969
1698,16,180,89900.16174316406
1699,17,180,72505.05828857422
1700,18,180,72343.6508178711
1701,19,180,62181.43844604492
1702,20,180,61801.025390625
1703,21,180,58258.113861083984
1704,22,180,52833.88900756836
1705,23,180,50411.582946777344
1706,24,180,48359.2643737793
1707,25,180,45122.75314331055
1708,26,180,42122.047424316406
1709,27,180,35672.19161987305
1710,28,180,39589.759826660156
1711,29,180,37527.39334106445
1712,30,180,33650.367736816406
1713,31,180,35239.55154418945
1714,32,180,33160.7666015625
1715,33,180,29098.175048828125
1716,34,180,30296.512603759766
1717,35,180,28515.68031311035
1718,36,180,28887.136459350586
1719,37,180,28645.248413085938
1720,38,180,27743.392944335938
1721,39,180,27116.67251586914
1722,40,180,26558.624267578125
1723,41,180,25755.29670715332
1724,42,180,25001.951217651367
1725,43,180,22851.13525390625
1726,44,180,23967.456817626953
1727,45,180,22903.36036682129
1728,46,180,21775.903701782227
1729,47,180,22219.200134277344
1730,48,180,22354.143142700195
1731,49,180,21754.079818725586
1732,50,180,19886.592864990234
1733,51,180,20523.712158203125
1734,52,180,19969.40803527832
1735,53,180,19669.12078857422
1736,54,180,18774.784088134766
1737,55,180,19245.216369628906
1738,56,180,19609.82322692871
1739,57,180,19419.071197509766
1740,58,180,19993.31283569336
1741,59,180,19739.423751831055
1742,60,180,18038.65623474121
1743,61,180,19401.887893676758
1744,62,180,19006.431579589844
1745,63,180,18837.791442871094
1746,64,180,19161.663055419922
1747,65,180,18814.016342163086
1748,66,180,19025.535583496094
1749,67,180,18736.86408996582
1750,68,180,17850.5916595459
1751,69,180,18436.767578125
1752,70,180,18173.280715942383
1753,71,180,16924.448013305664
1754,72,180,18062.559127807617
1755,73,180,17932.575225830078
1756,74,180,17844.44808959961
1757,75,180,17382.400512695312
1758,76,180,17607.23114013672
1759,77,180,16664.89601135254
1760,78,180,17395.423889160156
1761,79,180,17477.60009765625
1762,80,180,17093.408584594727
1763,81,180,17172.895431518555
1764,82,180,17236.41586303711
1765,83,180,16808.41636657715
1766,84,180,16674.335479736328
1767,85,180,16662.464141845703
1768,86,180,16639.392852783203
1769,87,180,16327.840805053711
1770,88,180,16666.656494140625
1771,89,180,16785.568237304688
1772,90,180,16463.104248046875
1773,91,180,16230.655670166016
1774,92,180,16931.32781982422
1775,93,180,15126.11198425293
1776,94,180,16669.536590576172
1777,95,180,16884.70458984375
1778,96,180,16681.34307861328
1779,97,180,15881.440162658691
1780,98,180,16424.16000366211
1781,99,180,16524.991989135742
1782,1,190,834869.9340820312
1783,2,190,739233.2763671875
1784,3,190,584742.7978515625
1785,4,190,512372.802734375
1786,5,190,445110.2294921875
1787,6,190,387178.8330078125
1788,7,190,307087.646484375
1789,8,190,282510.1318359375
1790,9,190,257958.43505859375
1791,10,190,229845.79467773438
1792,11,190,193140.93017578125
1793,12,190,165391.41845703125
1794,13,190,142964.73693847656
1795,14,190,126337.66174316406
1796,15,190,123315.7730102539
1797,16,190,109947.90649414062
1798,17,190,101066.78771972656
1799,18,190,84752.06756591797
1800,19,190,84197.18170166016
1801,20,190,75587.646484375
1802,21,190,73100.18920898438
1803,22,190,62329.566955566406
1804,23,190,63684.76867675781
1805,24,190,57976.73416137695
1806,25,190,57078.72009277344
1807,26,190,53058.30383300781
1808,27,190,52560.86349487305
1809,28,190,49320.70541381836
1810,29,190,48245.91827392578
1811,30,190,44755.19943237305
1812,31,190,42830.11245727539
1813,32,190,43039.48974609375
1814,33,190,41217.69714355469
1815,34,190,40464.576721191406
1816,35,190,39116.95861816406
1817,36,190,38774.654388427734
1818,37,190,36378.97491455078
1819,38,190,36344.76852416992
1820,39,190,35889.56832885742
1821,40,190,35119.6174621582
1822,41,190,35806.175231933594
1823,42,190,32718.624114990234
1824,43,190,32823.455810546875
1825,44,190,31772.064208984375
1826,45,190,32721.118927001953
1827,46,190,31991.167068481445
1828,47,190,30452.959060668945
1829,48,190,30198.528289794922
1830,49,190,29776.607513427734
1831,50,190,27928.640365600586
1832,51,190,30274.71923828125
1833,52,190,27270.816802978516
1834,53,190,28062.559127807617
1835,54,190,27506.431579589844
1836,55,190,28347.2957611084
1837,56,190,27196.15936279297
1838,57,190,26993.05534362793
1839,58,190,27168.256759643555
1840,59,190,26724.83253479004
1841,60,190,26886.079788208008
1842,61,190,26234.176635742188
1843,62,190,25754.112243652344
1844,63,190,27700.895309448242
1845,64,190,26620.447158813477
1846,65,190,26821.056365966797
1847,66,190,26667.52052307129
1848,67,190,26234.207153320312
1849,68,190,27011.93618774414
1850,69,190,26068.992614746094
1851,70,190,26564.83268737793
1852,71,190,26737.024307250977
1853,72,190,26632.543563842773
1854,73,190,27005.151748657227
1855,74,190,26234.880447387695
1856,75,190,26371.83952331543
1857,76,190,27504.54330444336
1858,77,190,25669.567108154297
1859,78,190,25528.831481933594
1860,79,190,25998.88038635254
1861,80,190,25495.328903198242
1862,81,190,25776.575088500977
1863,82,190,25776.86309814453
1864,83,190,25549.11994934082
1865,84,190,25263.80729675293
1866,85,190,25694.175720214844
1867,86,190,26030.11131286621
1868,87,190,26434.528350830078
1869,88,190,25455.808639526367
1870,89,190,25394.46449279785
1871,90,190,25586.368560791016
1872,91,190,25233.600616455078
1873,92,190,25389.408111572266
1874,93,190,25411.840438842773
1875,94,190,24845.56770324707
1876,95,190,24933.408737182617
1877,96,190,24948.928833007812
1878,97,190,25227.1671295166
1879,98,190,24889.055252075195
1880,99,190,24719.90394592285
1881,1,200,1015997.4365234375
1882,2,200,811229.00390625
1883,3,200,712743.5913085938
1884,4,200,623294.3725585938
1885,5,200,540137.0849609375
1886,6,200,424290.771484375
1887,7,200,374154.541015625
1888,8,200,343609.55810546875
1889,9,200,312578.0334472656
1890,10,200,279039.6423339844
1891,11,200,235399.84130859375
1892,12,200,199567.87109375
1893,13,200,191696.83837890625
1894,14,200,151894.53125
1895,15,200,134253.31115722656
1896,16,200,119509.94873046875
1897,17,200,107475.39520263672
1898,18,200,97338.81378173828
1899,19,200,98049.46899414062
1900,20,200,81607.71179199219
1901,21,200,75692.22259521484
1902,22,200,75819.3588256836
1903,23,200,65326.812744140625
1904,24,200,67043.32733154297
1905,25,200,56762.657165527344
1906,26,200,53978.84750366211
1907,27,200,50551.456451416016
1908,28,200,52791.80908203125
1909,29,200,50099.90310668945
1910,30,200,43759.39178466797
1911,31,200,41290.14587402344
1912,32,200,43638.17596435547
1913,33,200,37322.33428955078
1914,34,200,36240.638732910156
1915,35,200,34600.86441040039
1916,36,200,36695.167541503906
1917,37,200,32863.55209350586
1918,38,200,31609.888076782227
1919,39,200,33831.16912841797
1920,40,200,32578.174591064453
1921,41,200,30406.400680541992
1922,42,200,30115.07225036621
1923,43,200,27497.15232849121
1924,44,200,28468.767166137695
1925,45,200,25624.767303466797
1926,46,200,27332.96012878418
1927,47,200,24776.512145996094
1928,48,200,26619.583129882812
1929,49,200,25422.847747802734
1930,50,200,24498.52752685547
1931,51,200,24496.192932128906
1932,52,200,23817.855834960938
1933,53,200,23434.879302978516
1934,54,200,23405.088424682617
1935,55,200,21073.055267333984
1936,56,200,22528.640747070312
1937,57,200,21830.175399780273
1938,58,200,21168.575286865234
1939,59,200,21213.600158691406
1940,60,200,20955.520629882812
1941,61,200,20202.07977294922
1942,62,200,19753.087997436523
1943,63,200,19448.6083984375
1944,64,200,19640.735626220703
1945,65,200,18132.991790771484
1946,66,200,17442.11196899414
1947,67,200,17478.75213623047
1948,68,200,17075.008392333984
1949,69,200,17497.888565063477
1950,70,200,18737.823486328125
1951,71,200,17177.440643310547
1952,72,200,18020.544052124023
1953,73,200,16669.12078857422
1954,74,200,17626.68800354004
1955,75,200,18023.1990814209
1956,76,200,17734.783172607422
1957,77,200,17605.823516845703
1958,78,200,16070.272445678711
1959,79,200,16912.416458129883
1960,80,200,16950.048446655273
1961,81,200,16424.03221130371
1962,82,200,16687.456130981445
1963,83,200,16424.863815307617
1964,84,200,16218.687057495117
1965,85,200,15997.152328491211
1966,86,200,16034.175872802734
1967,87,200,16045.055389404297
1968,88,200,15859.231948852539
1969,89,200,15740.320205688477
1970,90,200,15966.015815734863
1971,91,200,14705.504417419434
1972,92,200,15740.480422973633
1973,93,200,15634.528160095215
1974,94,200,15324.031829833984
1975,95,200,15286.944389343262
1976,96,200,15250.911712646484
1977,97,200,15234.911918640137
1978,98,200,15350.3999710083
1979,99,200,15115.20004272461
1980,1,210,1226536.2548828125
1981,2,210,978182.8002929688
1982,3,210,857920.7153320312
1983,4,210,682078.857421875
1984,5,210,650197.75390625
1985,6,210,565580.078125
1986,7,210,451249.1149902344
1987,8,210,412877.197265625
1988,9,210,375053.0700683594
1989,10,210,336177.3376464844
1990,11,210,282405.1513671875
1991,12,210,243138.39721679688
1992,13,210,233044.0673828125
1993,14,210,207322.66235351562
1994,15,210,162208.92333984375
1995,16,210,150303.4210205078
1996,17,210,135500.25939941406
1997,18,210,135100.00610351562
1998,19,210,122477.21862792969
1999,20,210,116081.69555664062
2000,21,210,108507.4234008789
2001,22,210,93257.08770751953
2002,23,210,89620.25451660156
2003,24,210,89296.63848876953
2004,25,210,85606.75048828125
2005,26,210,80391.99829101562
2006,27,210,77467.10205078125
2007,28,210,73844.54345703125
2008,29,210,72469.2153930664
2009,30,210,67982.78045654297
2010,31,210,66047.77526855469
2011,32,210,63835.262298583984
2012,33,210,63345.34454345703
2013,34,210,60240.638732910156
2014,35,210,59253.47137451172
2015,36,210,57307.743072509766
2016,37,210,56105.69763183594
2017,38,210,52788.79928588867
2018,39,210,53679.39376831055
2019,40,210,52575.199127197266
2020,41,210,51685.98556518555
2021,42,210,52346.49658203125
2022,43,210,49308.223724365234
2023,44,210,49338.94348144531
2024,45,210,46006.81686401367
2025,46,210,45307.71255493164
2026,47,210,46173.88916015625
2027,48,210,45541.63360595703
2028,49,210,45035.58349609375
2029,50,210,44033.08868408203
2030,51,210,43804.256439208984
2031,52,210,43330.718994140625
2032,53,210,43114.6240234375
2033,54,210,43057.472229003906
2034,55,210,42463.03939819336
2035,56,210,41536.5104675293
2036,57,210,42375.999450683594
2037,58,210,41470.87860107422
2038,59,210,40716.896057128906
2039,60,210,40689.18228149414
2040,61,210,42120.83053588867
2041,62,210,40709.34295654297
2042,63,210,40428.35235595703
2043,64,210,40646.175384521484
2044,65,210,40330.078125
2045,66,210,40366.08123779297
2046,67,210,40111.55319213867
2047,68,210,39860.76736450195
2048,69,210,40305.31311035156
2049,70,210,39273.95248413086
2050,71,210,39148.6701965332
2051,72,210,40255.16891479492
2052,73,210,39759.456634521484
2053,74,210,39216.670989990234
2054,75,210,38585.025787353516
2055,76,210,38383.872985839844
2056,77,210,39200.06561279297
2057,78,210,38842.14401245117
2058,79,210,39054.81719970703
2059,80,210,38791.744232177734
2060,81,210,38238.84963989258
2061,82,210,38298.40087890625
2062,83,210,40059.200286865234
2063,84,210,38646.62551879883
2064,85,210,40329.98275756836
2065,86,210,38475.32653808594
2066,87,210,38970.977783203125
2067,88,210,38611.5837097168
2068,89,210,38632.67135620117
2069,90,210,38351.295471191406
2070,91,210,37985.599517822266
2071,92,210,38649.375915527344
2072,93,210,38166.43142700195
2073,94,210,38537.696838378906
2074,95,210,38057.79266357422
2075,96,210,37920.47882080078
2076,97,210,38575.008392333984
2077,98,210,38446.720123291016
2078,99,210,38749.6337890625
2079,1,220,1466697.265625
2080,2,220,1174541.1376953125
2081,3,220,1024558.349609375
2082,4,220,808001.5258789062
2083,5,220,701500.9765625
2084,6,220,607240.1733398438
2085,7,220,536670.41015625
2086,8,220,549090.5151367188
2087,9,220,499270.4772949219
2088,10,220,444962.7380371094
2089,11,220,336907.2265625
2090,12,220,319476.98974609375
2091,13,220,249779.20532226562
2092,14,220,219425.59814453125
2093,15,220,195435.7147216797
2094,16,220,175437.92724609375
2095,17,220,160348.388671875
2096,18,220,160357.52868652344
2097,19,220,134847.96142578125
2098,20,220,132702.94189453125
2099,21,220,125196.99096679688
2100,22,220,117580.60455322266
2101,23,220,102243.74389648438
2102,24,220,105627.64739990234
2103,25,220,88290.65704345703
2104,26,220,95120.35369873047
2105,27,220,78275.45928955078
2106,28,220,85796.63848876953
2107,29,220,82837.34130859375
2108,30,220,76212.63885498047
2109,31,220,75571.03729248047
2110,32,220,72906.01348876953
2111,33,220,69909.37805175781
2112,34,220,66218.8491821289
2113,35,220,66441.85638427734
2114,36,220,64329.315185546875
2115,37,220,59660.57586669922
2116,38,220,61840.641021728516
2117,39,220,60087.93640136719
2118,40,220,57708.51135253906
2119,41,220,55415.42434692383
2120,42,220,55828.15933227539
2121,43,220,54790.81726074219
2122,44,220,53488.28887939453
2123,45,220,53050.81558227539
2124,46,220,52231.77719116211
2125,47,220,50560.22262573242
2126,48,220,49539.26467895508
2127,49,220,47549.05700683594
2128,50,220,48218.20831298828
2129,51,220,47695.35827636719
2130,52,220,47292.7360534668
2131,53,220,46486.52648925781
2132,54,220,46465.248107910156
2133,55,220,46733.24966430664
2134,56,220,42048.44665527344
2135,57,220,44592.41485595703
2136,58,220,44771.23260498047
2137,59,220,44278.81622314453
2138,60,220,43769.79064941406
2139,61,220,43510.68878173828
2140,62,220,42509.727478027344
2141,63,220,42350.04806518555
2142,64,220,40815.90270996094
2143,65,220,40906.0173034668
2144,66,220,41563.71307373047
2145,67,220,40704.41436767578
2146,68,220,39774.43313598633
2147,69,220,40769.82498168945
2148,70,220,39018.97430419922
2149,71,220,39311.00845336914
2150,72,220,39705.3108215332
2151,73,220,39502.23922729492
2152,74,220,39247.58529663086
2153,75,220,39119.998931884766
2154,76,220,38856.09436035156
2155,77,220,39217.918395996094
2156,78,220,37449.951171875
2157,79,220,37588.06228637695
2158,80,220,38619.64797973633
2159,81,220,37993.6637878418
2160,82,220,37807.838439941406
2161,83,220,38550.113677978516
2162,84,220,38448.31848144531
2163,85,220,36905.50231933594
2164,86,220,36682.81555175781
2165,87,220,37268.99337768555
2166,88,220,37464.19143676758
2167,89,220,37165.15350341797
2168,90,220,38604.576110839844
2169,91,220,39112.640380859375
2170,92,220,37754.398345947266
2171,93,220,37703.99856567383
2172,94,220,36866.783142089844
2173,95,220,39150.97427368164
2174,96,220,37020.09582519531
2175,97,220,36741.63055419922
2176,98,220,38685.569763183594
2177,99,220,39571.07162475586
2178,1,230,1736687.5
2179,2,230,1384402.7099609375
2180,3,230,1213356.689453125
2181,4,230,954531.3720703125
2182,5,230,919591.0034179688
2183,6,230,720065.7348632812
2184,7,230,634641.4794921875
2185,8,230,649965.1489257812
2186,9,230,527716.8579101562
2187,10,230,526893.3715820312
2188,11,230,399048.6755371094
2189,12,230,341886.5661621094
2190,13,230,296023.62060546875
2191,14,230,261627.74658203125
2192,15,230,256033.78295898438
2193,16,230,211301.98669433594
2194,17,230,211328.47595214844
2195,18,230,188326.91955566406
2196,19,230,163935.36376953125
2197,20,230,164351.3641357422
2198,21,230,153690.36865234375
2199,22,230,146883.07189941406
2200,23,230,125059.74578857422
2201,24,230,120010.87951660156
2202,25,230,122939.04113769531
2203,26,230,117705.72662353516
2204,27,230,104942.58880615234
2205,28,230,103156.38732910156
2206,29,230,102969.59686279297
2207,30,230,98541.69464111328
2208,31,230,95072.54028320312
2209,32,230,93318.68743896484
2210,33,230,89566.87927246094
2211,34,230,87393.98193359375
2212,35,230,83843.61267089844
2213,36,230,82122.42889404297
2214,37,230,80551.93328857422
2215,38,230,78500.38146972656
2216,39,230,77447.13592529297
2217,40,230,74142.75360107422
2218,41,230,74762.36724853516
2219,42,230,72470.947265625
2220,43,230,70302.74963378906
2221,44,230,70754.2724609375
2222,45,230,69934.01336669922
2223,46,230,67817.5048828125
2224,47,230,67151.51977539062
2225,48,230,66338.05084228516
2226,49,230,65017.120361328125
2227,50,230,65699.10430908203
2228,51,230,63399.4255065918
2229,52,230,64096.351623535156
2230,53,230,63202.65579223633
2231,54,230,61312.225341796875
2232,55,230,61861.88888549805
2233,56,230,62300.193786621094
2234,57,230,61696.319580078125
2235,58,230,61459.20181274414
2236,59,230,59724.830627441406
2237,60,230,60146.33560180664
2238,61,230,59912.12844848633
2239,62,230,59145.18356323242
2240,63,230,59378.59344482422
2241,64,230,57874.81689453125
2242,65,230,58740.89431762695
2243,66,230,58342.72003173828
2244,67,230,56989.72702026367
2245,68,230,57816.03240966797
2246,69,230,57574.432373046875
2247,70,230,57524.192810058594
2248,71,230,57556.99157714844
2249,72,230,56637.15362548828
2250,73,230,56232.35321044922
2251,74,230,57096.38214111328
2252,75,230,57604.9919128418
2253,76,230,56155.8723449707
2254,77,230,56762.718200683594
2255,78,230,56533.05435180664
2256,79,230,57730.17501831055
2257,80,230,56110.2409362793
2258,81,230,56268.192291259766
2259,82,230,56033.43963623047
2260,83,230,56919.61669921875
2261,84,230,56810.71853637695
2262,85,230,56424.224853515625
2263,86,230,54947.61657714844
2264,87,230,54533.63037109375
2265,88,230,56193.88961791992
2266,89,230,55240.95916748047
2267,90,230,54986.62567138672
2268,91,230,56686.68746948242
2269,92,230,57090.240478515625
2270,93,230,55455.52062988281
2271,94,230,56065.82260131836
2272,95,230,55992.286682128906
2273,96,230,54457.054138183594
2274,97,230,56598.91128540039
2275,98,230,55134.49478149414
2276,99,230,55420.09735107422
2277,1,240,2054609.619140625
2278,2,240,1822127.197265625
2279,3,240,1592811.279296875
2280,4,240,1125225.9521484375
2281,5,240,972948.486328125
2282,6,240,847744.384765625
2283,7,240,747740.5395507812
2284,8,240,686167.1142578125
2285,9,240,624450.1953125
2286,10,240,558085.2661132812
2287,11,240,468098.08349609375
2288,12,240,399132.6599121094
2289,13,240,345343.505859375
2290,14,240,301833.49609375
2291,15,240,266403.6560058594
2292,16,240,237624.9237060547
2293,17,240,239266.46423339844
2294,18,240,214835.96801757812
2295,19,240,178115.73791503906
2296,20,240,180269.7296142578
2297,21,240,168368.7286376953
2298,22,240,139226.8829345703
2299,23,240,129886.36779785156
2300,24,240,135386.5966796875
2301,25,240,114497.05505371094
2302,26,240,106477.63061523438
2303,27,240,113005.50079345703
2304,28,240,106313.40789794922
2305,29,240,100567.61932373047
2306,30,240,85157.37915039062
2307,31,240,83734.58862304688
2308,32,240,85939.49127197266
2309,33,240,84528.48052978516
2310,34,240,73302.17742919922
2311,35,240,71231.33087158203
2312,36,240,75498.58856201172
2313,37,240,72973.6328125
2314,38,240,63880.32150268555
2315,39,240,67098.62518310547
2316,40,240,65592.44537353516
2317,41,240,63870.174407958984
2318,42,240,62244.80056762695
2319,43,240,59842.30422973633
2320,44,240,53213.05465698242
2321,45,240,56426.46408081055
2322,46,240,55926.65481567383
2323,47,240,54606.55975341797
2324,48,240,52868.064880371094
2325,49,240,51527.29415893555
2326,50,240,51674.84664916992
2327,51,240,50941.72668457031
2328,52,240,49161.502838134766
2329,53,240,48381.11877441406
2330,54,240,47594.04754638672
2331,55,240,46870.784759521484
2332,56,240,46063.00735473633
2333,57,240,45042.686462402344
2334,58,240,43858.177185058594
2335,59,240,43432.735443115234
2336,60,240,42822.593688964844
2337,61,240,42613.56735229492
2338,62,240,41798.75183105469
2339,63,240,41257.24792480469
2340,64,240,40298.97689819336
2341,65,240,40447.23129272461
2342,66,240,40286.27014160156
2343,67,240,39489.92156982422
2344,68,240,39321.18225097656
2345,69,240,38860.992431640625
2346,70,240,38464.67208862305
2347,71,240,37895.328521728516
2348,72,240,37343.807220458984
2349,73,240,37308.223724365234
2350,74,240,36569.889068603516
2351,75,240,36619.0071105957
2352,76,240,36066.078186035156
2353,77,240,35675.48751831055
2354,78,240,35610.4621887207
2355,79,240,35207.90481567383
2356,80,240,35014.305114746094
2357,81,240,35017.37594604492
2358,82,240,34891.58248901367
2359,83,240,34161.66305541992
2360,84,240,33603.96957397461
2361,85,240,33698.39859008789
2362,86,240,33773.28109741211
2363,87,240,32807.3616027832
2364,88,240,32444.351196289062
2365,89,240,32017.08984375
2366,90,240,32367.584228515625
2367,91,240,32329.21600341797
2368,92,240,32565.631866455078
2369,93,240,32109.47036743164
2370,94,240,31647.232055664062
2371,95,240,31864.288330078125
2372,96,240,30987.96844482422
2373,97,240,31153.791427612305
2374,98,240,31463.808059692383
2375,99,240,31061.567306518555
